銘柄名,記号,分類,ボックス
楽天グループ,4755.T,日本株,10
ブリヂストン,5108.T,日本株,50
INPEX,1605.T,日本株,20
ビックカメラ,3048.T,日本株,10
ソフトバンク,9434.T,日本株,20
東日本旅客鉄道,9020.T,日本株,50
三菱UFJフィナンシャルグループ,8306.T,日本株,20
ヒロセ通商,7185.T,日本株,20
ENEOSホールディングス,5020.T,日本株,10
任天堂,7974.T,日本株,100
ライオン,4912.T,日本株,10
ハイデイ日高,7611.T,日本株,20
NTT,9432.T,日本株,10
ウェルネオシュガー,2117.T,日本株,5
ヤマハ発動機,7272.T,日本株,20
日清製粉グループ本社,2002.T,日本株,20
白銅,7637.T,日本株,10
東亞合成,4045.T,日本株,20
ヒューリック,3003.T,日本株,20
U-NEXTホールディングス,9418.T,日本株,20
KDDI,9433.T,日本株,5
東海カーボン,5301.T,日本株,20
伊藤園,2593.T,日本株,20
ヨドコウ,5451.T,日本株,20
ドル円,USDJPY=X,FX,0.1
ユーロ円,EURJPY=X,FX,0.1
ポンド円,GBPJPY=X,FX,0.2
豪ドル円,AUDJPY=X,FX,0.1
カナダ円,CADJPY=X,FX,0.1
スイス円,CHFJPY=X,FX,0.1
ユーロドル,EURUSD=X,FX,0.001
ポンドドル,GBPUSD=X,FX,0.002
豪ドルドル,AUDUSD=X,FX,0.001
